Name	Code	Symbol	Protocol/Standard
0x	ZRX	—≤	ERC-20
1inch	1INCH	ƒ™	ERC-20
Aave	AAVE	√Ö	ERC-20
Aavegotchi	GHST	«ç	ERC-20
Algorand	ALGO	»∫	Algorand
Ankr	ANKR	·•ë	ERC-20
Aragon	ANT	»Å	ERC-20
Augur	REP	…å	ERC-20
Augur v2	REPV2	…ç	ERC-20
Axie Infinity	AXS	ƒÑ	ERC-20
Badger DAO	BADGER	∆É	ERC-20
Balancer	BAL	·ôñ	ERC-20
Bancor	BNT	ﬂï	Bancor
Band Protocol	BAND	·∏É	ERC-20
Basic Attention Token	BAT	‚üÅ	ERC-20
Bitcoin	BTC	‚Çø	Bitcoin
Bitcoin Cash	BCH	‡∏ø	Bitcoin Cash
Cardano	ADA	‚Ç≥	Cardano
Cartesi	CTSI	ƒà	ERC-20
Chainlink	LINK	‚¨°	ERC-20
Chiliz	CHZ	√á	ERC-20
Compound	COMP	·èü	ERC-20
Cosmos	ATOM	‚öõ	Cosmos
Covalent	CQT	œæ	ERC-20
Curve	CRV	·ëï	ERC-20
Dai*	DAI	‚¨ô	ERC-20
Dash	DASH	ƒê	Dash
Decentraland	MANA	∆ú	ERC-20
Dogecoin	DOGE	√ê	Dogecoin
dYdX	DYDX	∆â	ERC-20
Energy Web Token	EWT	êÄ•	Energy Web
Enjin Coin	ENJ	–Å	ERC-20
Enzyme Finance	MLN	M	ERC-20
EOS	EOS	»Ñ	EOS
Ethereum ("Ether")	ETH	Œû	Ethereum
Ethereum Classic	ETC	Œæ	Ethereum Classic
Filecoin	FIL	∆í	Filecoin
Flow	FLOW	ùîΩ	Flow
Gnosis	GNO	ƒû	ERC-20
ICON	ICX	ùóú	ICON
Injective Protocol	INJ	ƒ≥	ERC-20
Karura	KAR	«©	Kusama
Kava	KAVA	“ú	Kava
Keep Network	KEEP	ƒ∑	ERC-20
Kusama	KSM	ƒ∂	Kusama
Kyber Network	KNC	∆ò	ERC-20
Lisk	LSK	‚±†	Lisk
Litecoin	LTC	≈Å	Litecoin
Livepeer	LPT	’Ä	ERC-20
Loopring	LRC	≈Å	ERC-20
Maker	MKR	ﬂò	ERC-20
Mina	MINA	…±	Mina
Mirror Protocol	MIR	·πÅ	ERC-20
Monero	XMR	…±	Monero
Moonriver	MOVR	·πÄ	Kusama
Nano	NANO	ùëÅ	Nano
Ocean	OCEAN	Êµ∑	ERC-20
OmiseGO	OMG	≈é	ERC-20
Orchid	OXT	√ñ	ERC-20
Origin Protocol	OGN	√ò	ERC-20
Oxygen	OXY	≈ê	SPL
PAX Gold	PAXG	‚ìü	ERC-20
Perpetual Protocol	PERP	√û	ERC-20
Polkadot	DOT	‚óè	Polkadot
Polygon	MATIC	÷É	ERC-20
Qtum	QTUM	‚Ñö	Qtum
REN Protocol	REN	‡Ωâ	ERC-20
Rarible	RARI	‡©™	ERC-20
Raydium	RAY	≈ñ	SPL
Ripple	XRP	∆¶	Ripple
Serum	SRM	∆å	SPL
Shiden	SDN	…Ä	Kusama
Siacoin	SC	S	Siacoin
Solana	SOL	∆ç	Solana
Stellar Lumens	XLM	*	Stellar Lumens
Storj	STORJ	≈ú	ERC-20
Sushi	SUSHI	‡™ï	ERC-20
Synthetix	SNX	≈†	ERC-20
tBTC	TBTC	t‚Çø	ERC-20
Tether*	USDT	‚ÇÆ	Omni, ERC-20, TRC-20
Tezos	XTZ	Íú©	Tezos
The Graph	GRT	‚åó	ERC-20
The Sandbox	SAND	’è	ERC-20
Tron	TRX	≈§	Tron
Uniswap	UNI	«ï	ERC-20
USD Coin*	USDC	‚ìí	ERC-20
WAVES	WAVES	‚ô¶	WAVES
Wrapped Bitcoin	WBTC	 w‚Çø 	ERC-20
Yearn Finance	YFI	∆≥	ERC-20
Zcash	ZEC	‚ì©	Zcash